pathway,pval,padj,log2err,ES,NES,size,leadingEdge,direction,path_clean,signif
NAKAYA_PBMC_FLUARIX_FLUVIRIN_AGE_18_50YO_3DY_DN,1e-50,1.015e-48,NA,0.6181877943367956,3.5427327846860317,425,,Enriched in ΔSX,Nakaya Pbmc Fluarix Fluvirin Age 18 50yo 3dy Dn,***
NAKAYA_PBMC_FLUARIX_FLUVIRIN_AGE_18_50YO_CORRELATED_WITH_HAI_28DY_RESPONSE_AT_3DY_POSITIVE,1e-50,1.015e-48,NA,-0.6544772267527684,-3.429849269800393,419,,Enriched in ΔHC,Nakaya Pbmc Fluarix Fluvirin Age 18 50yo Correlated With Hai 28dy Response At 3dy Positive,***
HOEK_NK_CELL_2011_2012_TIV_3D_VS_0DY_ADULT_3D_DN,7.765343363967616e-37,5.254549009618087e-35,1.5763736216004742,-0.6299263067392532,-3.0855635480987793,228,,Enriched in ΔHC,Hoek Nk Cell 2011 2012 Tiv 3d Vs 0dy Adult 3d Dn,***
NAKAYA_PBMC_FLUARIX_FLUVIRIN_AGE_18_50YO_CORRELATED_WITH_HAI_28DY_RESPONSE_AT_7DY_NEGATIVE,4.198436334884451e-35,2.130706439953859e-33,1.543183091348708,0.4745995373925486,2.738812833064951,469,,Enriched in ΔSX,Nakaya Pbmc Fluarix Fluvirin Age 18 50yo Correlated With Hai 28dy Response At 7dy Negative,***
NAKAYA_PBMC_FLUARIX_FLUVIRIN_AGE_18_50YO_CORRELATED_WITH_HAI_28DY_RESPONSE_AT_3DY_NEGATIVE,1.1934373400280567e-29,4.84535560051391e-28,1.417275902636069,0.49092767456402736,2.7800892315347445,358,,Enriched in ΔSX,Nakaya Pbmc Fluarix Fluvirin Age 18 50yo Correlated With Hai 28dy Response At 3dy Negative,***
HOWARD_PBMC_INACT_MONOV_INFLUENZA_A_INDONESIA_05_2005_H5N1_AGE_19_39YO_AS03_ADJUVANT_VS_BUFFER_1DY_UP,6.373944188624422e-26,2.1565177838179295e-24,1.3188887960758697,-0.508391788257028,-2.6093164291289113,350,,Enriched in ΔHC,Howard Pbmc Inact Monov Influenza A Indonesia 05 2005 H5n1 Age 19 39yo As03 Adjuvant Vs Buffer 1dy Up,***
FLETCHER_PBMC_BCG_10W_INFANT_BCG_STIMULATED_VS_UNSTIMULATED_10W_DN,1.5465640132513603e-25,4.485035638428945e-24,1.3110147627406066,-0.5569312979358073,-2.738204440968386,237,,Enriched in ΔHC,Fletcher Pbmc Bcg 10w Infant Bcg Stimulated Vs Unstimulated 10w Dn,***
NAKAYA_PBMC_FLUARIX_FLUVIRIN_AGE_18_50YO_7DY_DN,7.362639240123133e-20,1.868269707181245e-18,1.1512205221422571,0.47149953908797254,2.596884338042495,273,,Enriched in ΔSX,Nakaya Pbmc Fluarix Fluvirin Age 18 50yo 7dy Dn,***
FLETCHER_PBMC_BCG_10W_INFANT_PPD_STIMULATED_VS_UNSTIMULATED_10W_DN,9.292742305706664e-19,2.096029653398281e-17,1.114664477517292,-0.5735547877592434,-2.7035650903566335,162,,Enriched in ΔHC,Fletcher Pbmc Bcg 10w Infant Ppd Stimulated Vs Unstimulated 10w Dn,***
SCHERER_PBMC_APSV_WETVAX_AGE_18_32YO_5_TO_7DY_UP,1.7562571639240433e-18,3.565202042765808e-17,1.1053365773140096,-0.48165646871350565,-2.4222526474576256,279,,Enriched in ΔHC,Scherer Pbmc Apsv Wetvax Age 18 32yo 5 To 7dy Up,***
NAKAYA_MONOCYTE_FLUMIST_AGE_18_50YO_7DY_UP,3.8586438081205196e-16,7.120951754986049e-15,1.0376961554875836,-0.4015017750890892,-2.1274400720103683,474,,Enriched in ΔHC,Nakaya Monocyte Flumist Age 18 50yo 7dy Up,***
HARALAMBIEVA_PBMC_FLUARIX_AGE_50_74YO_CORR_WITH_28D_MEM_B_CELL_RESPONSE_AT_3DY_POSITIVE,3.483627815333359e-15,5.893137054272266e-14,1.0073179568744748,0.39358762815728826,2.2465589743072627,351,,Enriched in ΔSX,Haralambieva Pbmc Fluarix Age 50 74yo Corr With 28d Mem B Cell Response At 3dy Positive,***
PATEL_SKIN_OF_BODY_ZOSTAVAX_AGE_70_93YO_VZV_CHALLENGE_3DY_UP,6.413259578917704e-14,1.0014551496309953e-12,0.9545416307257243,-0.6046981378896267,-2.6297889932066125,99,,Enriched in ΔHC,Patel Skin Of Body Zostavax Age 70 93yo Vzv Challenge 3dy Up,***
HOWARD_NK_CELL_INACT_MONOV_INFLUENZA_A_INDONESIA_05_2005_H5N1_AGE_18_49YO_28DY_DN,2.0242942555965072e-13,2.9352266706149353e-12,0.9436322252328375,-0.680912122398611,-2.756191387555166,62,,Enriched in ΔHC,Howard Nk Cell Inact Monov Influenza A Indonesia 05 2005 H5n1 Age 18 49yo 28dy Dn,***
SCHERER_PBMC_APSV_WETVAX_AGE_18_32YO_50_TO_60DY_DN,1.9730750322401914e-12,2.6702282102983923e-11,0.8986712320616942,-0.5272499261557214,-2.4324014122575943,140,,Enriched in ΔHC,Scherer Pbmc Apsv Wetvax Age 18 32yo 50 To 60dy Dn,***
NAKAYA_PBMC_FLUARIX_FLUVIRIN_AGE_18_50YO_CORRELATED_WITH_HAI_28DY_RESPONSE_AT_7DY_POSITIVE,3.5016319905371695e-12,4.442695587994034e-11,0.8986712320616942,-0.5034401352067291,-2.358456724372032,154,,Enriched in ΔHC,Nakaya Pbmc Fluarix Fluvirin Age 18 50yo Correlated With Hai 28dy Response At 7dy Positive,***
SCHERER_PBMC_YF_VAX_AGE_18_40YO_4_TO_7DY_DN,4.9619183218188505e-12,5.925114231348393e-11,0.8870749883998732,0.42250870967297477,2.2853576393642947,217,,Enriched in ΔSX,Scherer Pbmc Yf Vax Age 18 40yo 4 To 7dy Dn,***
SCHERER_PBMC_APSV_WETVAX_AGE_18_32YO_50_TO_60DY_UP,1.1531551245040496e-11,1.3005027237462339e-10,0.8753251320246591,0.4648276140003287,2.3981068144944118,160,,Enriched in ΔSX,Scherer Pbmc Apsv Wetvax Age 18 32yo 50 To 60dy Up,***
FULLER_PBMC_F_TULARENSIS_VACCINE_LVS_AGE_22_54YO_18HR_TO_48HR_EARLY_UP,5.174740779497481e-10,5.5288019907262565e-9,0.8012155746177786,-0.8495844655199479,-2.6047329743235816,19,,Enriched in ΔHC,Fuller Pbmc F Tularensis Vaccine Lvs Age 22 54yo 18hr To 48hr Early Up,***
NAKAYA_MONOCYTE_FLUMIST_AGE_18_50YO_7DY_DN,2.5140260576755427e-9,2.551736448540676e-8,0.7749390301364363,0.3765356041512147,2.047965708868552,241,,Enriched in ΔSX,Nakaya Monocyte Flumist Age 18 50yo 7dy Dn,***
QI_PBMC_ZOSTAVAX_AGE_50_75YO_CORRELATED_WITH_EXPANSION_OF_VZV_SPECIFIC_T_CELLS_TO_PEAK_AT_1DY_POSITIVE,8.192650373206515e-9,7.919562027432965e-8,0.7477396631498854,-0.3971971851891741,-1.957507081556085,243,,Enriched in ΔHC,Qi Pbmc Zostavax Age 50 75yo Correlated With Expansion Of Vzv Specific T Cells To Peak At 1dy Positive,***
QI_PBMC_ZOSTAVAX_AGE_50_75YO_CORRELATED_WITH_CONTRACTION_OF_VZV_SPECIFIC_T_CELLS_PEAK_TO_28DY_AT_1DYPOSITIVE,1.358675702049951e-8,1.253687125073364e-7,0.7477396631498854,-0.38066133361795723,-1.9133813174755576,286,,Enriched in ΔHC,Qi Pbmc Zostavax Age 50 75yo Correlated With Contraction Of Vzv Specific T Cells Peak To 28dy At 1dypositive,***
FULLER_PBMC_F_TULARENSIS_VACCINE_LVS_AGE_22_54YO_18HR_UP,4.5361648564366125e-7,4.003658547202749e-6,0.674962860011025,-0.5987840821216639,-2.336702914690892,51,,Enriched in ΔHC,Fuller Pbmc F Tularensis Vaccine Lvs Age 22 54yo 18hr Up,***
ZAK_PBMC_MRKAD5_HIV_1_GAG_POL_NEF_AGE_20_50YO_3DY_UP,6.36695158298448e-7,5.385379880607706e-6,0.6594443980379349,-0.43691005116949055,-1.996935655548337,131,,Enriched in ΔHC,Zak Pbmc Mrkad5 Hiv 1 Gag Pol Nef Age 20 50yo 3dy Up,***
OCONNOR_PBMC_MENVEO_ACWYVAX_AGE_30_70YO_7DY_AFTER_SECOND_DOSE_VS_7DY_AFTER_FIRST_DOSE_DN,6.728569079159028e-7,5.46359809227713e-6,0.6594443980379349,-0.3730411878723839,-1.8353554707593127,242,,Enriched in ΔHC,Oconnor Pbmc Menveo Acwyvax Age 30 70yo 7dy After Second Dose Vs 7dy After First Dose Dn,***
GAUCHER_PBMC_YF_VAX_STAMARIL_UNKNOWN_AGE_60DY_UP,3.023431963620084e-6,2.360602648518758e-5,0.6272567397185284,-0.5640623690362726,-2.195433419294589,50,,Enriched in ΔHC,Gaucher Pbmc Yf Vax Stamaril Unknown Age 60dy Up,***
THAKAR_PBMC_INACTIVATED_INFLUENZA_AGE_21_30YO_RESPONDERS_28DY_UP,3.491180875655635e-6,2.624850806511459e-5,0.6272567397185284,-0.31543510102865435,-1.6522647358454434,424,,Enriched in ΔHC,Thakar Pbmc Inactivated Influenza Age 21 30yo Responders 28dy Up,***
FULLER_PBMC_F_TULARENSIS_VACCINE_LVS_AGE_22_54YO_48HR_UP,3.852748225401878e-6,2.7932424634163613e-5,0.610526878385931,-0.5484695180449045,-2.1593161907795224,53,,Enriched in ΔHC,Fuller Pbmc F Tularensis Vaccine Lvs Age 22 54yo 48hr Up,***
FULLER_PBMC_F_TULARENSIS_VACCINE_LVS_AGE_22_54YO_336HR_UP,6.1497403998182655e-6,4.304818279872786e-5,0.610526878385931,-0.6028687506546584,-2.2719021048660646,42,,Enriched in ΔHC,Fuller Pbmc F Tularensis Vaccine Lvs Age 22 54yo 336hr Up,***
NAKAYA_PBMC_FLUMIST_AGE_18_50YO_3DY_IFN_SUBSET_UP,8.536629840264224e-6,5.776452858578792e-5,0.5933254763964051,-0.6381088279926034,-2.243850267243393,32,,Enriched in ΔHC,Nakaya Pbmc Flumist Age 18 50yo 3dy Ifn Subset Up,***
KANNAN_BLOOD_2012_2013_TIV_AGE_65PLS_REVACCINATED_IN_6_9_MO_VS_REVACCINATED_IN_12_13_MOS_DN,8.853995444562784e-6,5.797938952407243e-5,0.5933254763964051,-0.332286486185097,-1.6912350412380113,310,,Enriched in ΔHC,Kannan Blood 2012 2013 Tiv Age 65pls Revaccinated In 6 9 Mo Vs Revaccinated In 12 13 Mos Dn,***
GAUCHER_PBMC_YF_VAX_STAMARIL_UNKNOWN_AGE_3DY_UP,1.0164969842296222e-5,6.448402743706666e-5,0.5933254763964051,-0.3572218007314855,-1.7388632572142568,217,,Enriched in ΔHC,Gaucher Pbmc Yf Vax Stamaril Unknown Age 3dy Up,***
FULLER_PBMC_F_TULARENSIS_VACCINE_LVS_AGE_22_54YO_192HR_UP,1.1886194767669064e-5,7.311810720717636e-5,0.5933254763964051,-0.5969623166122238,-2.1923048375669083,38,,Enriched in ΔHC,Fuller Pbmc F Tularensis Vaccine Lvs Age 22 54yo 192hr Up,***
GAUCHER_PBMC_YF_VAX_STAMARIL_UNKNOWN_AGE_7DY_UP,2.955598395018946e-4,0.0017646661005554295,0.49849310876659025,-0.31055083773247794,-1.5604122621438818,289,,Enriched in ΔHC,Gaucher Pbmc Yf Vax Stamaril Unknown Age 7dy Up,**
NAKAYA_B_CELL_FLUARIX_FLUVIRIN_AGE_18_50YO_7DY_DN,4.459639191873918e-4,0.0025865907312868724,0.49849310876659025,0.2779281110287428,1.5307483863682294,273,,Enriched in ΔSX,Nakaya B Cell Fluarix Fluvirin Age 18 50yo 7dy Dn,**
FLETCHER_PBMC_BCG_10W_INFANT_PPD_STIMULATED_VS_UNSTIMULATED_10W_UP,4.904510161036881e-4,0.0027655987852513524,0.47727081536286214,0.39162169739262936,1.755850836344612,76,,Enriched in ΔSX,Fletcher Pbmc Bcg 10w Infant Ppd Stimulated Vs Unstimulated 10w Up,**
QI_PBMC_ZOSTAVAX_AGE_50_75YO_CORRELATED_WITH_T_CELL_RESPONSES_EXPANSION_AND_CONTRACTION_1D_NOT_INFORMATIVE_OF_LONG_TERM_RESPONSES_POSITIVE,6.20956022476003e-4,0.0034068668260169898,0.47727081536286214,-0.6940667261240585,-2.01712748577277,15,,Enriched in ΔHC,Qi Pbmc Zostavax Age 50 75yo Correlated With T Cell Responses Expansion And Contraction 1d Not Informative Of Long Term Responses Positive,**
OCONNOR_PBMC_MENVEO_ACWYVAX_AGE_30_70YO_7DY_AFTER_SECOND_DOSE_VS_7DY_AFTER_FIRST_DOSE_UP,7.837905701413007e-4,0.00418709172996537,0.47727081536286214,0.3241691846959127,1.6603960593389595,140,,Enriched in ΔSX,Oconnor Pbmc Menveo Acwyvax Age 30 70yo 7dy After Second Dose Vs 7dy After First Dose Up,**
SCHERER_PBMC_YF_VAX_AGE_18_40YO_ANYD_DN,8.759379640724294e-4,0.004559369402735979,0.47727081536286214,0.6548162969519333,2.157453431385753,18,,Enriched in ΔSX,Scherer Pbmc Yf Vax Age 18 40yo Anyd Dn,**
THAKAR_PBMC_INACTIVATED_INFLUENZA_AGE_70PLS_NONRESPONDER_2DY_DN,0.0010506426970038035,0.005332011687294303,0.45505986738722953,-0.34334244832316085,-1.594425872536602,147,,Enriched in ΔHC,Thakar Pbmc Inactivated Influenza Age 70pls Nonresponder 2dy Dn,**
SCHERER_PBMC_YF_VAX_OR_APSV_WETVAX_AGE_18_40YO_JOINT_TO_VACCINIA_AND_YELLOW_FEVER_DN,0.0012231754490972316,0.006056210150408244,0.45505986738722953,0.579711086818535,2.0514564461407807,23,,Enriched in ΔSX,Scherer Pbmc Yf Vax Or Apsv Wetvax Age 18 40yo Joint To Vaccinia And Yellow Fever Dn,**
ZAK_PBMC_MRKAD5_HIV_1_GAG_POL_NEF_AGE_20_50YO_AD5_NAB_TITERS_GT_200_VS_LTE_200_1DY_DN,0.001378057226414909,0.0066606099276720595,0.45505986738722953,-0.39678839139657185,-1.713100034030818,96,,Enriched in ΔHC,Zak Pbmc Mrkad5 Hiv 1 Gag Pol Nef Age 20 50yo Ad5 Nab Titers Gt 200 Vs Lte 200 1dy Dn,**
ANDERSON_BLOOD_CN54GP140_ADJUVANTED_WITH_GLA_AF_AGE_18_45YO_3DY_DN,0.0014306287813163072,0.006753898665283963,0.45505986738722953,-0.5354377529688593,-1.8828169935697916,32,,Enriched in ΔHC,Anderson Blood Cn54gp140 Adjuvanted With Gla Af Age 18 45yo 3dy Dn,**
PATEL_SKIN_OF_BODY_ZOSTAVAX_AGE_70_93YO_VZV_CHALLENGE_6HR_DN,0.0023423633283660597,0.010806812628597956,0.4317076958033464,-0.3826926424742716,-1.6404919336248043,88,,Enriched in ΔHC,Patel Skin Of Body Zostavax Age 70 93yo Vzv Challenge 6hr Dn,*
GAUCHER_PBMC_YF_VAX_STAMARIL_UNKNOWN_AGE_10DY_DN,0.0027541971896187815,0.012424489544280281,0.4317076958033464,-0.3740128277533556,-1.641426620669997,102,,Enriched in ΔHC,Gaucher Pbmc Yf Vax Stamaril Unknown Age 10dy Dn,*
KENNEDY_PBMC_DRYVAX_AGE_18_40YO_STIMULATED_VS_UNSTIMULATED_1_TO_48MO_TOP_DEG_DN,0.0031340894843418206,0.013830873159160642,0.4317076958033464,-0.6298549028534836,-1.8544107563428296,16,,Enriched in ΔHC,Kennedy Pbmc Dryvax Age 18 40yo Stimulated Vs Unstimulated 1 To 48mo Top Deg Dn,*
NAKAYA_B_CELL_FLUMIST_AGE_18_50YO_7DY_DN,0.00601069497882469,0.0259610868234343,0.40701791892395395,-0.2581391160373231,-1.341461347227497,392,,Enriched in ΔHC,Nakaya B Cell Flumist Age 18 50yo 7dy Dn,*
FRANCO_BLOOD_SANOFI_PASTEUR_SA_INACTIVATED_INFLUENZA_VACCINE_CORRELATED_WITH_ANTIBODY_RESPONSE_AGE_18_40YO_1DY_POSITIVE,0.0065614421590093315,0.027749432464143634,0.40701791892395395,-0.3349707741514033,-1.529222885900703,128,,Enriched in ΔHC,Franco Blood Sanofi Pasteur Sa Inactivated Influenza Vaccine Correlated With Antibody Response Age 18 40yo 1dy Positive,*
LI_PBMC_MENACTRA_AGE_18_45YO_CORRELATED_WITH_ANTI_DT_ANTIBODY_3DY_POSITIVE,0.007431753855607524,0.030788694544659746,0.40701791892395395,-0.46821277739476264,-1.7194806243690417,38,,Enriched in ΔHC,Li Pbmc Menactra Age 18 45yo Correlated With Anti Dt Antibody 3dy Positive,*
FULLER_PBMC_F_TULARENSIS_VACCINE_LVS_AGE_22_54YO_18HR_TO_48HR_EARLY_DN,0.00872274894564994,0.0347199614895478,0.3807304007227924,0.4337565264323411,1.6818113040579716,36,,Enriched in ΔSX,Fuller Pbmc F Tularensis Vaccine Lvs Age 22 54yo 18hr To 48hr Early Dn,*
NAKAYA_PBMC_IMUVAC_MALE_AGE_14_27YO_1D_POSTBOOST_VS_0DY_PREIMM_TIV_UP,0.008670463814635208,0.0347199614895478,0.3807304007227924,-0.44988196443078304,-1.6764152698861232,41,,Enriched in ΔHC,Nakaya Pbmc Imuvac Male Age 14 27yo 1d Postboost Vs 0dy Preimm Tiv Up,*
HARALAMBIEVA_PBMC_TIV_AGE_50_74YO_CORRELATED_WITH_MEMORY_B_CELL_RESPONSE_28DY_NEGATIVE,0.009477121171436923,0.03699722303464799,0.3807304007227924,-0.5333329710654156,-1.6988214260336654,22,,Enriched in ΔHC,Haralambieva Pbmc Tiv Age 50 74yo Correlated With Memory B Cell Response 28dy Negative,*
NAKAYA_PBMC_FLUAD_MALE_AGE_14_27YO_1D_POSTBOOST_VS_0D_PREIMM_MF59_ADJUVANTED_1DY_GENES_IN_BTM_M40_AND_M53_UP,0.012130780384999686,0.04646317770103653,0.3807304007227924,-0.5548531584317271,-1.6585218098925956,17,,Enriched in ΔHC,Nakaya Pbmc Fluad Male Age 14 27yo 1d Postboost Vs 0d Preimm Mf59 Adjuvanted 1dy Genes In Btm M40 And M53 Up,*
LI_PBMC_MENOMUNE_A_C_Y_W_135_AGE_18_45YO_CORRELATED_WITH_ANTIBODY_RESPONSE_3DY_NEGATIVE,0.012613104009906074,0.0474159280372395,0.3807304007227924,-0.5421838944465498,-1.7711169841674645,24,,Enriched in ΔHC,Li Pbmc Menomune A C Y W 135 Age 18 45yo Correlated With Antibody Response 3dy Negative,*
NAKAYA_PBMC_FLUMIST_AGE_18_50YO_7DY_IFN_SUBSET_UP,0.01389738198301127,0.04877753848114344,0.3807304007227924,-0.4673712416027673,-1.6513545966463279,33,,Enriched in ΔHC,Nakaya Pbmc Flumist Age 18 50yo 7dy Ifn Subset Up,*
SCHERER_PBMC_APSV_WETVAX_AGE_18_40YO_5_TO_7DY_DN,0.013760540330887519,0.04877753848114344,0.3807304007227924,0.5187245790477554,1.7574773009800964,20,,Enriched in ΔSX,Scherer Pbmc Apsv Wetvax Age 18 40yo 5 To 7dy Dn,*
SCHERER_PBMC_APSV_WETVAX_AGE_18_40YO_JOINT_TO_VACCINIA_AND_YELLOW_FEVER_UP,0.013936439566040983,0.04877753848114344,0.3807304007227924,-0.4039560714397549,-1.5941417259616615,54,,Enriched in ΔHC,Scherer Pbmc Apsv Wetvax Age 18 40yo Joint To Vaccinia And Yellow Fever Up,*
SCHERER_PBMC_YF_VAX_AGE_18_40YO_JOINT_TO_VACCINIA_AND_YELLOW_FEVER_UP,0.013936439566040983,0.04877753848114344,0.3807304007227924,-0.4039560714397549,-1.5941417259616615,54,,Enriched in ΔHC,Scherer Pbmc Yf Vax Age 18 40yo Joint To Vaccinia And Yellow Fever Up,*
LI_PBMC_MENACTRA_AGE_18_45YO_CORRELATED_WITH_ANTI_POLYSACCHARIDE_ANTIBODY_3DY_POSITIVE,0.014466821083241448,0.04974193179190967,0.3807304007227924,-0.3916042713614515,-1.5661414143348056,58,,Enriched in ΔHC,Li Pbmc Menactra Age 18 45yo Correlated With Anti Polysaccharide Antibody 3dy Positive,*
MATSUMIYA_PBMC_MODIFIED_VACCINIA_ANKARA_VACCINE_AGE_18_55YO_2DY_UP,0.014702048805490543,0.04974193179190967,0.3807304007227924,-0.37651549190614697,-1.5264173823561453,63,,Enriched in ΔHC,Matsumiya Pbmc Modified Vaccinia Ankara Vaccine Age 18 55yo 2dy Up,*
SCHERER_PBMC_APSV_WETVAX_AGE_18_32YO_5_TO_7DY_DN,0.017228207063707656,0.057149724057765555,0.35248785758361917,0.26536447814564973,1.392867357418647,176,,Enriched in ΔSX,Scherer Pbmc Apsv Wetvax Age 18 32yo 5 To 7dy Dn,
THAKAR_PBMC_INACTIVATED_INFLUENZA_AGE_21_30YO_VS_70PLS_0DY_UP,0.017454595525031844,0.057149724057765555,0.35248785758361917,0.5090003692891346,1.7245309579475028,20,,Enriched in ΔSX,Thakar Pbmc Inactivated Influenza Age 21 30yo Vs 70pls 0dy Up,
GARCIA_PINERES_PBMC_HPV_16_L1_VLP_AGE_18_25YO_12MO_CORRELATED_WITH_ANTIBODY_RESPONSE_NEGATIVE,0.018888578187957406,0.06086319638341831,0.35248785758361917,-0.5457371289391812,-1.6731703000132,19,,Enriched in ΔHC,Garcia Pineres Pbmc Hpv 16 L1 Vlp Age 18 25yo 12mo Correlated With Antibody Response Negative,
HARALAMBIEVA_PBMC_FLUARIX_AGE_50_74YO_CORR_WITH_28D_MEM_B_CELL_RESPONSE_AT_0DY_NEGATIVE,0.02054556048371534,0.06416536581837252,0.35248785758361917,-0.24983684805136236,-1.3043119324261083,402,,Enriched in ΔHC,Haralambieva Pbmc Fluarix Age 50 74yo Corr With 28d Mem B Cell Response At 0dy Negative,
SCHERER_PBMC_YF_VAX_AGE_18_40YO_4_TO_7DY_UP,0.02041010266638067,0.06416536581837252,0.35248785758361917,-0.2679239265515853,-1.3457311403026249,287,,Enriched in ΔHC,Scherer Pbmc Yf Vax Age 18 40yo 4 To 7dy Up,
KAZMIN_PBMC_P_FALCIPARUM_RTSS_AS01_AGE_UNKNOWN_CORRELATED_WITH_PROTECTION_56DY_NEGATIVE,0.022784029415296024,0.06930677656879237,0.35248785758361917,0.39715652215168396,1.6021638054746927,41,,Enriched in ΔSX,Kazmin Pbmc P Falciparum Rtss As01 Age Unknown Correlated With Protection 56dy Negative,
NAKAYA_B_CELL_FLUARIX_FLUVIRIN_AGE_18_50YO_7DY_UP,0.022874650394626054,0.06930677656879237,0.35248785758361917,-0.25351057020393,-1.3068647647434004,357,,Enriched in ΔHC,Nakaya B Cell Fluarix Fluvirin Age 18 50yo 7dy Up,
THAKAR_PBMC_INACTIVATED_INFLUENZA_AGE_21_30YO_NONRESPONDER_28DY_DN,0.023568436842421856,0.0703587158678182,0.35248785758361917,0.34977332226464425,1.516574059358084,60,,Enriched in ΔSX,Thakar Pbmc Inactivated Influenza Age 21 30yo Nonresponder 28dy Dn,
ANDERSON_BLOOD_CN54GP140_ADJUVANTED_WITH_GLA_AF_AGE_18_45YO_1DY_DN,0.03250103784855275,0.09409876983419506,0.3217759180753611,-0.3501903179129811,-1.490193949928357,83,,Enriched in ΔHC,Anderson Blood Cn54gp140 Adjuvanted With Gla Af Age 18 45yo 1dy Dn,
FOURATI_BLOOD_TWINRIX_AGE_25_83YO_RESPONDERS_VS_POOR_RESPONDERS_0DY_UP,0.03291139240506329,0.09409876983419506,0.28201335001172506,-0.23483307192089872,-1.2403515410091592,465,,Enriched in ΔHC,Fourati Blood Twinrix Age 25 83yo Responders Vs Poor Responders 0dy Up,
PATEL_SKIN_OF_BODY_ZOSTAVAX_AGE_70_93YO_VZV_CHALLENGE_3DY_DN,0.03240256403208684,0.09409876983419506,0.3217759180753611,0.460440924858915,1.6541624139225397,25,,Enriched in ΔSX,Patel Skin Of Body Zostavax Age 70 93yo Vzv Challenge 3dy Dn,
NAKAYA_MYELOID_DENDRITIC_CELL_FLUMIST_AGE_18_50YO_7DY_UP,0.037516170763260026,0.10577475923530258,0.26635065708852557,-0.24078943654663387,-1.2453470368871375,368,,Enriched in ΔHC,Nakaya Myeloid Dendritic Cell Flumist Age 18 50yo 7dy Up,
LI_PBMC_MENACTRA_AGE_18_45YO_ANTI_DT_ANTIBODY_CORRELATION_PROFILE_3DY_UP,0.03829334623316311,0.1064869765113988,0.3217759180753611,-0.538548430482054,-1.585587407152063,16,,Enriched in ΔHC,Li Pbmc Menactra Age 18 45yo Anti Dt Antibody Correlation Profile 3dy Up,
NAKAYA_MYELOID_DENDRITIC_CELL_FLUARIX_FLUVIRIN_AGE_18_50YO_7DY_UP,0.044683751848043185,0.1216727799746199,0.3217759180753611,0.20985953000095753,1.1958320472242636,390,,Enriched in ΔSX,Nakaya Myeloid Dendritic Cell Fluarix Fluvirin Age 18 50yo 7dy Up,
SOBOLEV_PBMC_PANDEMRIX_AGE_18_64YO_CORRELATED_WITH_AGE_1DY_POSITIVE,0.04495299752756893,0.1216727799746199,0.3217759180753611,0.40984890453781975,1.525432746506811,29,,Enriched in ΔSX,Sobolev Pbmc Pandemrix Age 18 64yo Correlated With Age 1dy Positive,
HOEK_B_CELL_2011_2012_TIV_ADULT_3DY_UP,0.046849757673667204,0.12513816852308476,0.26635065708852557,-0.40793934093979795,-1.4413649062009815,33,,Enriched in ΔHC,Hoek B Cell 2011 2012 Tiv Adult 3dy Up,
OVSYANNIKOVA_PBMC_FLUARIX_AGE_50_74YO_COMMON_WITH_BOTH_HAI_AND_VNA_28DY_VS_3DY_USED_IN_HAI_AND_VNA_RESPONSE_MODELS_UP,0.048494983277591976,0.12621130263270733,0.26635065708852557,-0.4471430092647026,-1.4767014357366097,25,,Enriched in ΔHC,Ovsyannikova Pbmc Fluarix Age 50 74yo Common With Both Hai And Vna 28dy Vs 3dy Used In Hai And Vna Response Models Up,
SOBOLEV_PBMC_PANDEMRIX_AGE_18_64YO_1DY_UP,0.048013245033112585,0.12621130263270733,0.26635065708852557,-0.47745082425937563,-1.5052936503678718,21,,Enriched in ΔHC,Sobolev Pbmc Pandemrix Age 18 64yo 1dy Up,
LI_PBMC_MENACTRA_AGE_18_45YO_CORRELATED_WITH_ANTI_DT_ANTIBODY_3DY_NEGATIVE,0.05832707899201757,0.1498784434858173,0.3217759180753611,0.4068472351180369,1.503023045035819,27,,Enriched in ΔSX,Li Pbmc Menactra Age 18 45yo Correlated With Anti Dt Antibody 3dy Negative,
SCHERER_PBMC_APSV_WETVAX_AGE_18_32YO_2_TO_4DY_DN,0.05977382875605816,0.1516760904684976,0.2343926472946861,-0.39512202796116325,-1.4059710047086698,34,,Enriched in ΔHC,Scherer Pbmc Apsv Wetvax Age 18 32yo 2 To 4dy Dn,
ANDERSON_BLOOD_CN54GP140_ADJUVANTED_WITH_GLA_AF_AGE_18_45YO_6HR_DN,0.06225611090924313,0.15602457425402907,0.3217759180753611,0.35378094526110926,1.4451622929536396,44,,Enriched in ΔSX,Anderson Blood Cn54gp140 Adjuvanted With Gla Af Age 18 45yo 6hr Dn,
OVSYANNIKOVA_PBMC_FLUARIX_AGE_55_64YO_RESPONDERS_VS_NONRESPONDERS_0DY_UP,0.06365305541204931,0.15758012498348792,0.2878051305355643,0.4012996508691328,1.5115448991315428,31,,Enriched in ΔSX,Ovsyannikova Pbmc Fluarix Age 55 64yo Responders Vs Nonresponders 0dy Up,
GARCIA_PINERES_PBMC_HPV_16_L1_VLP_AGE_18_25YO_12MO_CORRELATED_WITH_ANTIBODY_RESPONSE_POSITIVE,0.06802721088435375,0.16620816139385602,0.22496609354031374,-0.47832683075654847,-1.4379534619123608,18,,Enriched in ΔHC,Garcia Pineres Pbmc Hpv 16 L1 Vlp Age 18 25yo 12mo Correlated With Antibody Response Positive,
GAUCHER_PBMC_YF_VAX_STAMARIL_UNKNOWN_AGE_10DY_UP,0.0687757909215956,0.16620816139385602,0.19991523130966152,-0.26029970198753577,-1.2552344546367185,195,,Enriched in ΔHC,Gaucher Pbmc Yf Vax Stamaril Unknown Age 10dy Up,
ANDERSON_BLOOD_CN54GP140_ADJUVANTED_WITH_GLA_AF_AGE_18_45YO_6HR_UP,0.08496732026143791,0.20292195309496347,0.19578900214894943,-0.38760180197066474,-1.3629656396886238,32,,Enriched in ΔHC,Anderson Blood Cn54gp140 Adjuvanted With Gla Af Age 18 45yo 6hr Up,
ZAK_PBMC_MRKAD5_HIV_1_GAG_POL_NEF_AGE_20_50YO_CORRELATED_WITH_CD8_T_CELL_RESPONSE_3DY_POSITIVE,0.09192200557103064,0.21697868756882815,0.24891111443470243,0.2783395559610213,1.266342303366826,79,,Enriched in ΔSX,Zak Pbmc Mrkad5 Hiv 1 Gag Pol Nef Age 20 50yo Correlated With Cd8 T Cell Response 3dy Positive,
HOEK_MYELOID_DENDRITIC_CELL_2011_2012_TIV_ADULT_7DY_UP,0.09653465346534654,0.22524752475247528,0.22798720285044224,0.4037809679694282,1.346877858094683,19,,Enriched in ΔSX,Hoek Myeloid Dendritic Cell 2011 2012 Tiv Adult 7dy Up,
LI_PBMC_MENOMUNE_A_C_Y_W_135_AGE_18_45YO_CORRELATED_WITH_ANTIBODY_RESPONSE_3DY_POSITIVE,0.09973045822102426,0.23006003430531732,0.2343926472946861,0.3215385762262318,1.2971144628383633,41,,Enriched in ΔSX,Li Pbmc Menomune A C Y W 135 Age 18 45yo Correlated With Antibody Response 3dy Positive,
NAKAYA_PBMC_FLUAD_MALE_AGE_14_27YO_1D_POSTBOOST_VS_0D_PREIMM_MF59_ADJUVANTED_1DY_ATIV_UP,0.10443037974683544,0.23819513582705162,0.1723243449009459,-0.3514105545859654,-1.303209865550619,40,,Enriched in ΔHC,Nakaya Pbmc Fluad Male Age 14 27yo 1d Postboost Vs 0d Preimm Mf59 Adjuvanted 1dy Ativ Up,
LI_PBMC_MENACTRA_AGE_18_45YO_ANTI_POLYSACCHARIDE_ANTIBODY_CORRELATION_PROFILE_3DY_UP,0.11036789297658862,0.24894091415830544,0.1723243449009459,-0.40588126763584914,-1.3404334591791356,25,,Enriched in ΔHC,Li Pbmc Menactra Age 18 45yo Anti Polysaccharide Antibody Correlation Profile 3dy Up,
HOWARD_DENDRITIC_CELL_INACT_MONOV_INFLUENZA_A_INDONESIA_05_2005_H5N1_AGE_18_49YO_1DY_UP,0.1145374449339207,0.2555066079295154,0.15740289930528326,-0.26396323082770834,-1.221378666707223,145,,Enriched in ΔHC,Howard Dendritic Cell Inact Monov Influenza A Indonesia 05 2005 H5n1 Age 18 49yo 1dy Up,
ANDERSON_BLOOD_CN54GP140_ADJUVANTED_WITH_GLA_AF_AGE_18_45YO_7DY_UP,0.12395309882747069,0.27056429098899515,0.1619789488834018,-0.3974752537517684,-1.3267059522612343,26,,Enriched in ΔHC,Anderson Blood Cn54gp140 Adjuvanted With Gla Af Age 18 45yo 7dy Up,
PATEL_SKIN_OF_BODY_ZOSTAVAX_AGE_70_93YO_VZV_CHALLENGED_POST_VACCINATION_VS_UNCHALLENGED_72HR_TOP_30_DEG_UP,0.1226890756302521,0.27056429098899515,0.16318012718068908,-0.3876143266472659,-1.3194814161165092,28,,Enriched in ΔHC,Patel Skin Of Body Zostavax Age 70 93yo Vzv Challenged Post Vaccination Vs Unchallenged 72hr Top 30 Deg Up,
FULLER_PBMC_F_TULARENSIS_VACCINE_LVS_AGE_22_54YO_192HR_DN,0.12748344370860928,0.2753099901366775,0.15851410542482433,-0.38210240608189416,-1.3173792562810522,29,,Enriched in ΔHC,Fuller Pbmc F Tularensis Vaccine Lvs Age 22 54yo 192hr Dn,
HOEK_NK_CELL_2011_2012_TIV_1D_VS_0DY_ADULT_1D_DN,0.13153724247226625,0.27579317509789825,0.15214492236756472,-0.3268639957486958,-1.2592274440959446,48,,Enriched in ΔHC,Hoek Nk Cell 2011 2012 Tiv 1d Vs 0dy Adult 1d Dn,
NAKAYA_MYELOID_DENDRITIC_CELL_FLUARIX_FLUVIRIN_AGE_18_50YO_7DY_DN,0.13178294573643412,0.27579317509789825,0.24504178543099617,0.20629511656050248,1.1310545344981733,260,,Enriched in ΔSX,Nakaya Myeloid Dendritic Cell Fluarix Fluvirin Age 18 50yo 7dy Dn,
QUEREC_MODEL_PBMC_YF_17D_VACCINE_AGE_18_45YO_3DY_PREDICTIVE,0.1290824261275272,0.27579317509789825,0.15214492236756472,-0.329233798704659,-1.2634307253620793,46,,Enriched in ΔHC,Querec Model Pbmc Yf 17d Vaccine Age 18 45yo 3dy Predictive,
GARCIA_PINERES_PBMC_HPV_16_L1_VLP_AGE_18_25YO_STIMULATED_VS_UNSTIMULATED_0DY_VACCINATION_INDEPENDENT_DN,0.13601236476043277,0.27734579250088554,0.1473312136993771,-0.28099011865794565,-1.2146700956835499,97,,Enriched in ΔHC,Garcia Pineres Pbmc Hpv 16 L1 Vlp Age 18 25yo Stimulated Vs Unstimulated 0dy Vaccination Independent Dn,
GAUCHER_PBMC_YF_VAX_STAMARIL_UNKNOWN_AGE_28DY_UP,0.13798977853492334,0.27734579250088554,0.15419096658142434,-0.3864095996643293,-1.3028069562670324,27,,Enriched in ΔHC,Gaucher Pbmc Yf Vax Stamaril Unknown Age 28dy Up,
NAKAYA_MONOCYTE_FLUARIX_FLUVIRIN_AGE_18_50YO_7DY_UP,0.13777089783281735,0.27734579250088554,0.14641623786055022,-0.289471079570023,-1.2270845709282772,81,,Enriched in ΔHC,Nakaya Monocyte Fluarix Fluvirin Age 18 50yo 7dy Up,
PATEL_SKIN_OF_BODY_ZOSTAVAX_AGE_70_93YO_VZV_CHALLENGE_6HR_UP,0.13440860215053763,0.27734579250088554,0.1372507796101328,-0.23391350451777326,-1.1648294079247692,260,,Enriched in ΔHC,Patel Skin Of Body Zostavax Age 70 93yo Vzv Challenge 6hr Up,
HOEK_NEUTROPHIL_2011_2012_TIV_ADULT_7DY_DN,0.14095744680851063,0.2805329578639967,0.19381330272531053,0.3215090584987266,1.2633167543065489,38,,Enriched in ΔSX,Hoek Neutrophil 2011 2012 Tiv Adult 7dy Dn,
ANDERSON_BLOOD_CN54GP140_ADJUVANTED_WITH_GLA_AF_AGE_18_45YO_1DY_UP,0.15714285714285714,0.3038095238095238,0.13802224249664274,-0.31177353587185525,-1.2274476916501298,53,,Enriched in ΔHC,Anderson Blood Cn54gp140 Adjuvanted With Gla Af Age 18 45yo 1dy Up,
FLETCHER_PBMC_BCG_10W_INFANT_BCG_STIMULATED_VS_UNSTIMULATED_10W_UP,0.15501519756838905,0.3038095238095238,0.19782202131510335,0.24273962845571417,1.1826028668686337,110,,Enriched in ΔSX,Fletcher Pbmc Bcg 10w Infant Bcg Stimulated Vs Unstimulated 10w Up,
QI_PBMC_ZOSTAVAX_AGE_50_75YO_CORRELATED_WITH_EXPANSION_OF_VZV_SPECIFIC_T_CELLS_TO_PEAK_AT_1DY_NEGATIVE,0.15692307692307692,0.3038095238095238,0.19782202131510335,0.2309245627639526,1.1646951018482794,130,,Enriched in ΔSX,Qi Pbmc Zostavax Age 50 75yo Correlated With Expansion Of Vzv Specific T Cells To Peak At 1dy Negative,
GAUCHER_PBMC_YF_VAX_STAMARIL_UNKNOWN_AGE_60DY_DN,0.1717948717948718,0.3264615337489087,0.17093233537005617,0.31985230305047585,1.2115356800567698,32,,Enriched in ΔSX,Gaucher Pbmc Yf Vax Stamaril Unknown Age 60dy Dn,
HARALAMBIEVA_PBMC_M_M_R_II_AGE_13_16YO_STIMULATED_VS_UNSTIMULATED_3_TO_7YR_POST_TOP_DEG_UP,0.17529215358931552,0.3264615337489087,0.13355495455759195,-0.3793339244372284,-1.2391455429111893,24,,Enriched in ΔHC,Haralambieva Pbmc M M R Ii Age 13 16yo Stimulated Vs Unstimulated 3 To 7yr Post Top Deg Up,
HOWARD_T_CELL_INACT_MONOV_INFLUENZA_A_INDONESIA_05_2005_H5N1_AGE_18_49YO_1DY_UP,0.17432646592709986,0.3264615337489087,0.13010563075112855,-0.32661226520164405,-1.21706988056058,41,,Enriched in ΔHC,Howard T Cell Inact Monov Influenza A Indonesia 05 2005 H5n1 Age 18 49yo 1dy Up,
KANNAN_BLOOD_2012_2013_TIV_AGE_65PLS_REVACCINATED_IN_6_9_MO_VS_REVACCINATED_IN_12_13_MO_UP,0.1724137931034483,0.3264615337489087,0.19991523130966152,0.21406096440918207,1.1310194975012975,181,,Enriched in ΔSX,Kannan Blood 2012 2013 Tiv Age 65pls Revaccinated In 6 9 Mo Vs Revaccinated In 12 13 Mo Up,
GAUCHER_PBMC_YF_VAX_STAMARIL_UNKNOWN_AGE_3DY_DN,0.18209408194233687,0.33301890661526473,0.12384217120104962,-0.2652644387283687,-1.164163576584502,102,,Enriched in ΔHC,Gaucher Pbmc Yf Vax Stamaril Unknown Age 3dy Dn,
NAKAYA_B_CELL_FLUMIST_AGE_18_50YO_7DY_UP,0.18181818181818182,0.33301890661526473,0.11146266692298015,-0.2097383855407987,-1.1067756578604195,454,,Enriched in ΔHC,Nakaya B Cell Flumist Age 18 50yo 7dy Up,
GARCIA_PINERES_PBMC_HPV_16_L1_VLP_AGE_18_25YO_2MO_DN,0.19485791610284167,0.35037343877486976,0.11146266692298015,-0.2310000866236891,-1.1315060813752489,228,,Enriched in ΔHC,Garcia Pineres Pbmc Hpv 16 L1 Vlp Age 18 25yo 2mo Dn,
NAKAYA_PLASMACYTOID_DENDRITIC_CELL_FLUARIX_FLUVIRIN_AGE_18_50YO_7DY_DN,0.1950354609929078,0.35037343877486976,0.19002330527910832,0.20833520990414026,1.105907663836022,185,,Enriched in ΔSX,Nakaya Plasmacytoid Dendritic Cell Fluarix Fluvirin Age 18 50yo 7dy Dn,
NAKAYA_PLASMACYTOID_DENDRITIC_CELL_FLUARIX_FLUVIRIN_AGE_18_50YO_7DY_UP,0.20467032967032966,0.36445681511470984,0.10925003948071095,-0.2338294092661507,-1.136483421238135,215,,Enriched in ΔHC,Nakaya Plasmacytoid Dendritic Cell Fluarix Fluvirin Age 18 50yo 7dy Up,
NAKAYA_MYELOID_DENDRITIC_CELL_FLUMIST_AGE_18_50YO_7DY_DN,0.22093023255813954,0.38998988877654195,0.18643255843407516,0.2005086881415136,1.0959184249344265,252,,Enriched in ΔSX,Nakaya Myeloid Dendritic Cell Flumist Age 18 50yo 7dy Dn,
FULLER_PBMC_F_TULARENSIS_VACCINE_LVS_AGE_22_54YO_18HR_DN,0.2283653846153846,0.39334383783323396,0.14122511964253093,0.3697337405328929,1.1895569425911587,17,,Enriched in ΔSX,Fuller Pbmc F Tularensis Vaccine Lvs Age 22 54yo 18hr Dn,
HOFT_PBMC_TICE_BCG_RBCG_AG85A_AG85B_AGE_18_40YO_CORRELATED_WITH_WHOLE_BLOOD_BACTERICIDAL_ACTIVITY_NEGATIVE,0.22702702702702704,0.39334383783323396,0.15114876138548375,0.28647958173136434,1.145707057352769,40,,Enriched in ΔSX,Hoft Pbmc Tice Bcg Rbcg Ag85a Ag85b Age 18 40yo Correlated With Whole Blood Bactericidal Activity Negative,
SOBOLEV_T_CELL_PANDEMRIX_AGE_18_64YO_7DY_DN,0.228643216080402,0.39334383783323396,0.1446305280344838,0.34019047470537506,1.170616219935347,21,,Enriched in ΔSX,Sobolev T Cell Pandemrix Age 18 64yo 7dy Dn,
HOEK_MYELOID_DENDRITIC_CELL_2011_2012_TIV_ADULT_1DY_UP,0.23850085178875638,0.40524605385329615,0.11331290842208036,-0.3512174411864747,-1.184154135760427,27,,Enriched in ΔHC,Hoek Myeloid Dendritic Cell 2011 2012 Tiv Adult 1dy Up,
THAKAR_PBMC_INACTIVATED_INFLUENZA_AGE_21_30YO_NONRESPONDER_7DY_DN,0.2395543175487465,0.40524605385329615,0.14920754243532175,0.25063391966820064,1.1173468811604532,72,,Enriched in ΔSX,Thakar Pbmc Inactivated Influenza Age 21 30yo Nonresponder 7dy Dn,
THAKAR_PBMC_INACTIVATED_INFLUENZA_AGE_21_30YO_NONRESPONDER_7DY_UP,0.2485207100591716,0.4169397036529903,0.10171390228231093,-0.24398416385364888,-1.1134004708207519,127,,Enriched in ΔHC,Thakar Pbmc Inactivated Influenza Age 21 30yo Nonresponder 7dy Up,
QIU_PBMC_HEPTATITIS_B_SURFACE_ANTIGEN_AGE_UNDER50_NON_RESPONDERS_VS_RESPONDERS_0DY_UP,0.2534246575342466,0.4216820121266562,0.10968406197054928,-0.41076140869796984,-1.193773014024763,15,,Enriched in ΔHC,Qiu Pbmc Heptatitis B Surface Antigen Age Under50 Non Responders Vs Responders 0dy Up,
SCHERER_PBMC_APSV_WETVAX_AGE_18_32YO_2_TO_4DY_UP,0.2621664050235479,0.4291917759659695,0.10208010766274725,-0.27766416587196285,-1.1200271900019128,61,,Enriched in ΔHC,Scherer Pbmc Apsv Wetvax Age 18 32yo 2 To 4dy Up,
SOBOLEV_T_CELL_PANDEMRIX_AGE_18_64YO_1DY_UP,0.2616136919315403,0.4291917759659695,0.13214726060877433,0.32554430918276606,1.142819322309395,22,,Enriched in ΔSX,Sobolev T Cell Pandemrix Age 18 64yo 1dy Up,
HOEK_B_CELL_2011_2012_TIV_ADULT_7DY_UP,0.2841614906832298,0.4588767170926796,0.09656295543094219,-0.29426091773478663,-1.1149504800528276,43,,Enriched in ΔHC,Hoek B Cell 2011 2012 Tiv Adult 7dy Up,
TSANG_PBMC_FLUVIRIN_PANDEMRIX_ADULT_CORR_WITH_CELL_FREQ_CD27HI_CD38HI_CD20_NEG_PLASMABLASTS_AND_CD38PLUS_OF_IGD_CD27PLUS_MEM_B_CELLS_7DY_POSITIVE,0.28482003129890454,0.4588767170926796,0.09688777032754396,-0.26437915055188893,-1.0896821544330653,70,,Enriched in ΔHC,Tsang Pbmc Fluvirin Pandemrix Adult Corr With Cell Freq Cd27hi Cd38hi Cd20 Neg Plasmablasts And Cd38plus Of Igd Cd27plus Mem B Cells 7dy Positive,
HOFT_CD4_POSITIVE_ALPHA_BETA_MEMORY_T_CELL_BCG_VACCINE_AGE_18_45YO_56D_TOP_100_DEG_AFTER_IN_VITRO_RE_STIMULATION_DN,0.2892690513219285,0.4623749403019802,0.09560314922043013,-0.28747540657066484,-1.1031833999921405,46,,Enriched in ΔHC,Hoft Cd4 Positive Alpha Beta Memory T Cell Bcg Vaccine Age 18 45yo 56d Top 100 Deg After In Vitro Re Stimulation Dn,
MATSUMIYA_PBMC_MODIFIED_VACCINIA_ANKARA_VACCINE_AGE_18_55YO_VACCINATED_VS_CONTROL_TREATED_IN_VITRO_WITH_MVA85A_6HR_UP,0.29295774647887324,0.46461267605633805,0.13427345288320233,0.23589445016158034,1.0733574103978314,82,,Enriched in ΔSX,Matsumiya Pbmc Modified Vaccinia Ankara Vaccine Age 18 55yo Vaccinated Vs Control Treated In Vitro With Mva85a 6hr Up,
HOFT_CD4_POSITIVE_ALPHA_BETA_MEMORY_T_CELL_BCG_VACCINE_AGE_18_45YO_ID_7DY_TOP_100_DEG_EX_VIVO_DN,0.30861244019138756,0.48564593301435405,0.11881503941226282,0.3600522745868074,1.1059232995110384,15,,Enriched in ΔSX,Hoft Cd4 Positive Alpha Beta Memory T Cell Bcg Vaccine Age 18 45yo Id 7dy Top 100 Deg Ex Vivo Dn,
HOFT_CD4_POSITIVE_ALPHA_BETA_MEMORY_T_CELL_BCG_VACCINE_AGE_18_45YO_ID_56D_TOP_100_DEG_AFTER_IN_VITRO_RE_STIMULATION_UP,0.31648936170212766,0.4942103109656301,0.12443416863039332,0.2774467434248243,1.0901811632712024,38,,Enriched in ΔSX,Hoft Cd4 Positive Alpha Beta Memory T Cell Bcg Vaccine Age 18 45yo Id 56d Top 100 Deg After In Vitro Re Stimulation Up,
BUCASAS_PBMC_FLUARIX_FLUVIRIN_CAUCASIAN_MALE_AGE_18_40YO_HIGH_RESPONDERS_1DY_TOP_FUNCTIONAL_NETWORK_POSITIVE,0.32764505119453924,0.5077247739884845,0.09374654224917187,-0.368186388725615,-1.1005527255769667,17,,Enriched in ΔHC,Bucasas Pbmc Fluarix Fluvirin Caucasian Male Age 18 40yo High Responders 1dy Top Functional Network Positive,
GARCIA_PINERES_PBMC_HPV_16_L1_VLP_AGE_18_25YO_2MO_UP,0.3378561736770692,0.516145436053903,0.07934349601349727,-0.21163543022077752,-1.055346985305358,270,,Enriched in ΔHC,Garcia Pineres Pbmc Hpv 16 L1 Vlp Age 18 25yo 2mo Up,
OVSYANNIKOVA_PBMC_FLUARIX_AGE_50_74YO_COMMON_WITH_BOTH_HAI_AND_VNA_28DY_VS_3DY_USED_IN_HAI_AND_VNA_RESPONSE_MODELS_DN,0.33816425120772947,0.516145436053903,0.11331290842208036,0.3303599378795602,1.088452112276857,18,,Enriched in ΔSX,Ovsyannikova Pbmc Fluarix Age 50 74yo Common With Both Hai And Vna 28dy Vs 3dy Used In Hai And Vna Response Models Dn,
QI_PBMC_ZOSTAVAX_AGE_50_75YO_CORRELATED_WITH_CONTRACTION_OF_VZV_SPECIFIC_T_CELLS_PEAK_TO_28DYAT_1DY_NEGATIVE,0.35041551246537395,0.5308533509736635,0.07850290473486872,-0.21949369844014105,-1.0551377187574735,187,,Enriched in ΔHC,Qi Pbmc Zostavax Age 50 75yo Correlated With Contraction Of Vzv Specific T Cells Peak To 28dyat 1dy Negative,
FRANCO_BLOOD_SANOFI_PASTEUR_SA_INACTIVATED_INFLUENZA_VACCINE_CORRELATED_WITH_ANTIBODY_RESPONSE_AGE_18_40YO_0DY_POSITIVE,0.36593591905564926,0.5422262158269839,0.08679497567717195,-0.3373996924192771,-1.0747166549145022,22,,Enriched in ΔHC,Franco Blood Sanofi Pasteur Sa Inactivated Influenza Vaccine Correlated With Antibody Response Age 18 40yo 0dy Positive,
HOEK_NEUTROPHIL_2011_2012_TIV_ADULT_1DY_DN,0.36075949367088606,0.5422262158269839,0.08407455779107234,-0.26376348867688126,-1.0584061079691538,59,,Enriched in ΔHC,Hoek Neutrophil 2011 2012 Tiv Adult 1dy Dn,
ZAK_PBMC_MRKAD5_HIV_1_GAG_POL_NEF_AGE_20_50YO_AD5_NAB_TITERS_GTE_200_VS_LTE_200_1DY_UP,0.3633720930232558,0.5422262158269839,0.07913166517683488,-0.22659461051288413,-1.051163660152088,142,,Enriched in ΔHC,Zak Pbmc Mrkad5 Hiv 1 Gag Pol Nef Age 20 50yo Ad5 Nab Titers Gte 200 Vs Lte 200 1dy Up,
OVSYANNIKOVA_PBMC_FLUARIX_AGE_55_64YO_RESPONDERS_VS_NONRESPONDERS_0DY_DN,0.3811965811965812,0.5607456955283042,0.08528846897905017,-0.3612939858655564,-1.0637171363686504,16,,Enriched in ΔHC,Ovsyannikova Pbmc Fluarix Age 55 64yo Responders Vs Nonresponders 0dy Dn,
PATEL_SKIN_OF_BODY_ZOSTAVAX_AGE_70_93YO_VZV_CHALLENGE_6HR_TOP_30_DEG_UP,0.39364303178484106,0.5748887442613146,0.10434395258194858,0.2930487079440916,1.0287439109503558,22,,Enriched in ΔSX,Patel Skin Of Body Zostavax Age 70 93yo Vzv Challenge 6hr Top 30 Deg Up,
SOBOLEV_PBMC_PANDEMRIX_AGE_18_64YO_RESPONDERS_VS_NONRESPONDERS_7DY_UP,0.4030612244897959,0.5844387755102041,0.08197787965012722,-0.34212180816475224,-1.0284918319721228,18,,Enriched in ΔHC,Sobolev Pbmc Pandemrix Age 18 64yo Responders Vs Nonresponders 7dy Up,
HOFT_CD4_POSITIVE_ALPHA_BETA_MEMORY_T_CELL_BCG_VACCINE_AGE_18_45YO_7DY_UP,0.4100486223662885,0.5903536903571387,0.07850290473486872,-0.2836571692839312,-1.0304981745564732,37,,Enriched in ΔHC,Hoft Cd4 Positive Alpha Beta Memory T Cell Bcg Vaccine Age 18 45yo 7dy Up,
ERWIN_COHEN_PBMC_TC_83_AGE_18_45YO_RESPONDERS_PREVIOUSLY_IMMUNIZED_24HR_DEG_CANONICAL_PATHWAY_MEMBERS_UP,0.41903171953255425,0.5990383032754121,0.07892096381800347,-0.31822525528957546,-1.0395258144097403,24,,Enriched in ΔHC,Erwin Cohen Pbmc Tc 83 Age 18 45yo Responders Previously Immunized 24hr Deg Canonical Pathway Members Up,
FULLER_PBMC_F_TULARENSIS_VACCINE_LVS_AGE_22_54YO_336HR_DN,0.43645484949832775,0.6158513462267728,0.07687367341265418,-0.3087107348090248,-1.0195252433208002,25,,Enriched in ΔHC,Fuller Pbmc F Tularensis Vaccine Lvs Age 22 54yo 336hr Dn,
LI_PBMC_MENACTRA_AGE_18_45YO_CORRELATED_WITH_ANTI_POLYSACCHARIDE_ANTIBODY_3DY_NEGATIVE,0.43686006825938567,0.6158513462267728,0.07788401119770678,-0.33927362060848065,-1.0141290371146525,17,,Enriched in ΔHC,Li Pbmc Menactra Age 18 45yo Correlated With Anti Polysaccharide Antibody 3dy Negative,
ERWIN_COHEN_PBMC_TC_83_AGE_18_45YO_NON_RESPONDERS_PREVIOUSLY_IMMUNIZED_24HR_DEG_CANONICAL_PATHWAY_MEMBERS_UP,0.4522184300341297,0.6244921176661791,0.07608371609517249,-0.33543725635441435,-1.0026616899627587,17,,Enriched in ΔHC,Erwin Cohen Pbmc Tc 83 Age 18 45yo Non Responders Previously Immunized 24hr Deg Canonical Pathway Members Up,
HOEK_PBMC_INACTIVATED_INFLUENZA_ADULT_7DY_DN,0.44974874371859297,0.6244921176661791,0.09787732774245612,0.29209393124869387,1.0051130736700742,21,,Enriched in ΔSX,Hoek Pbmc Inactivated Influenza Adult 7dy Dn,
QUEREC_MODEL_PBMC_YF_17D_VACCINE_AGE_18_45_7DY_PREDICTIVE,0.4476650563607085,0.6244921176661791,0.07362127410143941,-0.2799836846338257,-1.0050261651737054,35,,Enriched in ΔHC,Querec Model Pbmc Yf 17d Vaccine Age 18 45 7dy Predictive,
QI_PBMC_ZOSTAVAX_AGE_50_75YO_CORRELATED_WITH_28D_PEAK_T_CELL_RESPONSE_14DY_NEGATIVE,0.4669887278582931,0.6405318361840102,0.07147862874255066,-0.2771532986537752,-0.9948662447082971,35,,Enriched in ΔHC,Qi Pbmc Zostavax Age 50 75yo Correlated With 28d Peak T Cell Response 14dy Negative,
HOWARD_MONOCYTE_INACT_MONOV_INFLUENZA_A_INDONESIA_05_2005_H5N1_AGE_18_49YO_1DY_DN,0.4722222222222222,0.6433631618195376,0.07165273668294567,-0.28342286835606684,-0.986299977216552,30,,Enriched in ΔHC,Howard Monocyte Inact Monov Influenza A Indonesia 05 2005 H5n1 Age 18 49yo 1dy Dn,
ZAK_PBMC_MRKAD5_HIV_1_GAG_POL_NEF_AGE_20_50YO_1DY_ADDNL_EXON_LVL_UP,0.47875354107648727,0.6479131255901794,0.10135074379709887,0.2084654840136443,0.9744229004320498,88,,Enriched in ΔSX,Zak Pbmc Mrkad5 Hiv 1 Gag Pol Nef Age 20 50yo 1dy Addnl Exon Lvl Up,
SCHERER_PBMC_APSV_WETVAX_AGE_18_40YO_5_TO_7DY_UP,0.4941569282136895,0.6643301750157548,0.07045008506584192,-0.29989083915484666,-0.9796339656410503,24,,Enriched in ΔHC,Scherer Pbmc Apsv Wetvax Age 18 40yo 5 To 7dy Up,
GAUCHER_PBMC_YF_VAX_STAMARIL_UNKNOWN_AGE_7DY_DN,0.5208333333333334,0.6910403050108933,0.05896944666909967,-0.2032808091027311,-0.9735852635889092,185,,Enriched in ΔHC,Gaucher Pbmc Yf Vax Stamaril Unknown Age 7dy Dn,
HOFT_CD4_POSITIVE_ALPHA_BETA_MEMORY_T_CELL_BCG_VACCINE_AGE_18_45YO_ID_7DY_TOP_100_DEG_EX_VIVO_UP,0.5192629815745393,0.6910403050108933,0.06815134386794833,-0.28959157851290834,-0.9666082789087161,26,,Enriched in ΔHC,Hoft Cd4 Positive Alpha Beta Memory T Cell Bcg Vaccine Age 18 45yo Id 7dy Top 100 Deg Ex Vivo Up,
NAKAYA_PBMC_FLUAD_MALE_AGE_14_27YO_1D_POSTBOOST_VS_0D_PREIMM_MF59_ADJUVANTED_1DY_GENES_IN_BTM_M40_AND_M53_DN,0.5288461538461539,0.6971153846153846,0.06508775669173134,-0.24161850654037875,-0.9548377076726525,55,,Enriched in ΔHC,Nakaya Pbmc Fluad Male Age 14 27yo 1d Postboost Vs 0d Preimm Mf59 Adjuvanted 1dy Genes In Btm M40 And M53 Dn,
HARALAMBIEVA_PBMC_FLUARIX_AGE_50_74YO_CORR_WITH_28D_MEM_B_CELL_RESPONSE_AT_0DY_POSITIVE,0.5367088607594936,0.7029154757043691,0.053238649475589886,-0.18541738903601263,-0.9793456361980417,465,,Enriched in ΔHC,Haralambieva Pbmc Fluarix Age 50 74yo Corr With 28d Mem B Cell Response At 0dy Positive,
HOWARD_NEUTROPHIL_INACT_MONOV_INFLUENZA_A_INDONESIA_05_2005_H5N1_AGE_18_49YO_1DY_DN,0.5575757575757576,0.7165750343621142,0.05986031177644726,-0.21733053757884752,-0.9568353208268416,103,,Enriched in ΔHC,Howard Neutrophil Inact Monov Influenza A Indonesia 05 2005 H5n1 Age 18 49yo 1dy Dn,
MATSUMIYA_PBMC_MODIFIED_VACCINIA_ANKARA_VACCINE_AGE_18_55YO_VACCINATED_VS_CONTROL_TREATED_IN_VITRO_WITH_WILD_TYPE_MVA_6HR_UP,0.5612582781456954,0.7165750343621142,0.06378453903129748,-0.29595941787782587,-0.9330926031788384,21,,Enriched in ΔHC,Matsumiya Pbmc Modified Vaccinia Ankara Vaccine Age 18 55yo Vaccinated Vs Control Treated In Vitro With Wild Type Mva 6hr Up,
NAKAYA_MONOCYTE_FLUARIX_FLUVIRIN_AGE_18_50YO_7DY_DN,0.5578034682080925,0.7165750343621142,0.09344492194109945,0.20156140453454177,0.952833078595027,94,,Enriched in ΔSX,Nakaya Monocyte Fluarix Fluvirin Age 18 50yo 7dy Dn,
QIU_PBMC_HEPTATITIS_B_SURFACE_ANTIGEN_AGE_UNDER50_NON_RESPONDERS_VS_RESPONDERS_28DY_UP,0.5582191780821918,0.7165750343621142,0.06568136019340105,-0.3194564502300134,-0.928418496395666,15,,Enriched in ΔHC,Qiu Pbmc Heptatitis B Surface Antigen Age Under50 Non Responders Vs Responders 28dy Up,
ERWIN_COHEN_BLOOD_VACCINE_TC_83_AGE_23_48YO_VACCINATED_VS_CONTROL_2DY_DN,0.5718954248366013,0.7255923202614379,0.06224904294985801,-0.26281109830991595,-0.9241507518903501,32,,Enriched in ΔHC,Erwin Cohen Blood Vaccine Tc 83 Age 23 48yo Vaccinated Vs Control 2dy Dn,
HOWARD_NEUTROPHIL_INACT_MONOV_INFLUENZA_A_INDONESIA_05_2005_H5N1_AGE_18_49YO_3DY_UP,0.5772870662460567,0.727883692223289,0.09656295543094219,0.1942396846406128,0.9472376036372956,113,,Enriched in ΔSX,Howard Neutrophil Inact Monov Influenza A Indonesia 05 2005 H5n1 Age 18 49yo 3dy Up,
THAKAR_PBMC_INACTIVATED_INFLUENZA_AGE_70PLS_NONRESPONDER_2DY_UP,0.586764705882353,0.7352668845315905,0.05605958750323349,-0.21032037215468613,-0.9455880377055719,111,,Enriched in ΔHC,Thakar Pbmc Inactivated Influenza Age 70pls Nonresponder 2dy Up,
VOIGT_PBMC_FLUARIX_AGE_50_74YO_FEMALES_VS_MALES_0DY_TO_28D_UP,0.6137123745819398,0.7643166382830293,0.059989249649032995,-0.29188301930481997,-0.894881387176847,19,,Enriched in ΔHC,Voigt Pbmc Fluarix Age 50 74yo Females Vs Males 0dy To 28d Up,
GAUCHER_PBMC_YF_VAX_STAMARIL_UNKNOWN_AGE_14DY_UP,0.6229508196721312,0.7710915633746501,0.08407455779107234,0.2134088782936764,0.9200056663032885,58,,Enriched in ΔSX,Gaucher Pbmc Yf Vax Stamaril Unknown Age 14dy Up,
LI_PBMC_MENOMUNE_A_C_Y_W_135_AGE_18_45YO_3DY_UP,0.6287625418060201,0.7735684605249823,0.05884381695958071,-0.28902924423906545,-0.8861320252043161,19,,Enriched in ΔHC,Li Pbmc Menomune A C Y W 135 Age 18 45yo 3dy Up,
GARCIA_PINERES_PBMC_HPV_16_L1_VLP_AGE_18_25YO_STIMULATED_VS_UNSTIMULATED_0DY_VACCINATION_INDEPENDENT_UP,0.657967032967033,0.7950434981684981,0.047638725929082505,-0.18894950195839627,-0.9174118980015007,213,,Enriched in ΔHC,Garcia Pineres Pbmc Hpv 16 L1 Vlp Age 18 25yo Stimulated Vs Unstimulated 0dy Vaccination Independent Up,
HOWARD_DENDRITIC_CELL_INACT_MONOV_INFLUENZA_A_INDONESIA_05_2005_H5N1_AGE_18_49YO_1DY_DN,0.6519607843137255,0.7950434981684981,0.05605958750323349,-0.2519151216759921,-0.8766543088449321,30,,Enriched in ΔHC,Howard Dendritic Cell Inact Monov Influenza A Indonesia 05 2005 H5n1 Age 18 49yo 1dy Dn,
NAKAYA_PBMC_FLUAD_IMUVAC_MALE_AGE_14_27YO_CORRELATED_WITH_HAI_RESPONSE_MF59_ADJUVANTED_AND_NON_1DY_GENES_IN_BTM_M75_POSITIVE,0.657190635451505,0.7950434981684981,0.05676723874874463,-0.28173746586977205,-0.8637762308945247,19,,Enriched in ΔHC,Nakaya Pbmc Fluad Imuvac Male Age 14 27yo Correlated With Hai Response Mf59 Adjuvanted And Non 1dy Genes In Btm M75 Positive,
THAKAR_PBMC_INACTIVATED_INFLUENZA_AGE_21_30YO_NONRESPONDER_28DY_UP,0.674547983310153,0.8102558616092369,0.04706995900826619,-0.19144141399937334,-0.9134713341195905,174,,Enriched in ΔHC,Thakar Pbmc Inactivated Influenza Age 21 30yo Nonresponder 28dy Up,
HOWARD_NK_CELL_INACT_MONOV_INFLUENZA_A_INDONESIA_05_2005_H5N1_AGE_18_49YO_1DY_UP,0.6809045226130653,0.8130801064144251,0.07492788183937392,0.2514478149052389,0.8652473025598291,21,,Enriched in ΔSX,Howard Nk Cell Inact Monov Influenza A Indonesia 05 2005 H5n1 Age 18 49yo 1dy Up,
HOEK_NEUTROPHIL_2011_2012_TIV_ADULT_1DY_UP,0.6909547738693468,0.8202562520203357,0.07417589655880091,0.23727140787599257,0.8831097786926355,29,,Enriched in ΔSX,Hoek Neutrophil 2011 2012 Tiv Adult 1dy Up,
FRANCO_BLOOD_SANOFI_PASTEUR_SA_INACTIVATED_INFLUENZA_VACCINE_CORRELATED_WITH_ANTIBODY_RESPONSE_AGE_18_40YO_14DY_NEGATIVE,0.7157190635451505,0.8370433789954339,0.052805004567128964,-0.26976544911513245,-0.8270713380021159,19,,Enriched in ΔHC,Franco Blood Sanofi Pasteur Sa Inactivated Influenza Vaccine Correlated With Antibody Response Age 18 40yo 14dy Negative,
GARCIA_PINERES_PBMC_HPV_16_L1_VLP_AGE_18_25YO_7MO_CORRELATED_WITH_ANTIBODY_RESPONSE_POSITIVE,0.7174657534246576,0.8370433789954339,0.053787280776029955,-0.28286601792212684,-0.822077760056501,15,,Enriched in ΔHC,Garcia Pineres Pbmc Hpv 16 L1 Vlp Age 18 25yo 7mo Correlated With Antibody Response Positive,
HOWARD_PBMC_INACT_MONOV_INFLUENZA_A_INDONESIA_05_2005_H5N1_AGE_19_39YO_AS03_ADJUVANT_VS_BUFFER_1DY_DN,0.7160493827160493,0.8370433789954339,0.07147862874255066,0.23105281044054488,0.8419893775106544,26,,Enriched in ΔSX,Howard Pbmc Inact Monov Influenza A Indonesia 05 2005 H5n1 Age 19 39yo As03 Adjuvant Vs Buffer 1dy Dn,
FRANCO_BLOOD_SANOFI_PASTEUR_SA_INACTIVATED_INFLUENZA_VACCINE_CORRELATED_WITH_ANTIBODY_RESPONSE_AGE_18_40YO_1DY_NEGATIVE,0.7369727047146402,0.8452285822433443,0.07028128417173922,0.244489854259536,0.8283497380630355,20,,Enriched in ΔSX,Franco Blood Sanofi Pasteur Sa Inactivated Influenza Vaccine Correlated With Antibody Response Age 18 40yo 1dy Negative,
QUEREC_PBMC_YF_17D_VACCINE_AGE_18_45YO_3DY_UP,0.7356143079315708,0.8452285822433443,0.048214971002556443,-0.22153087537110036,-0.8501220581283078,46,,Enriched in ΔHC,Querec Pbmc Yf 17d Vaccine Age 18 45yo 3dy Up,
QUEREC_PBMC_YF_17D_VACCINE_AGE_18_45YO_7DY_UP,0.7356143079315708,0.8452285822433443,0.048214971002556443,-0.22153087537110036,-0.8501220581283078,46,,Enriched in ΔHC,Querec Pbmc Yf 17d Vaccine Age 18 45yo 7dy Up,
DHIMAN_PBMC_ATTENUVAX_AGE_15_25YO_SUBQ_7_OR_14DY_UP,0.7423510466988728,0.8466138341565796,0.04939101059815013,-0.23083369523447383,-0.8285979371183371,35,,Enriched in ΔHC,Dhiman Pbmc Attenuvax Age 15 25yo Subq 7 Or 14dy Up,
HOEK_NK_CELL_2011_2012_TIV_7D_VS_0DY_ADULT_7D_DN,0.7649880095923262,0.862736477484679,0.06674261342419166,0.25444750034810704,0.8049092371650128,16,,Enriched in ΔSX,Hoek Nk Cell 2011 2012 Tiv 7d Vs 0dy Adult 7d Dn,
ZAK_PBMC_MRKAD5_HIV_1_GAG_POL_NEF_AGE_20_50YO_CORRELATED_WITH_CD8_T_CELL_RESPONSE_3DY_NEGATIVE,0.7613065326633166,0.862736477484679,0.06928364673925483,0.23754554304585151,0.8174087352200351,21,,Enriched in ΔSX,Zak Pbmc Mrkad5 Hiv 1 Gag Pol Nef Age 20 50yo Correlated With Cd8 T Cell Response 3dy Negative,
FRANCO_BLOOD_SANOFI_PASTEUR_SA_INACTIVATED_INFLUENZA_VACCINE_CORRELATED_WITH_ANTIBODY_RESPONSE_AGE_18_40YO_14DY_POSITIVE,0.771712158808933,0.8655114267304607,0.06799225915440577,0.22655647711557098,0.8138007938325789,24,,Enriched in ΔSX,Franco Blood Sanofi Pasteur Sa Inactivated Influenza Vaccine Correlated With Antibody Response Age 18 40yo 14dy Positive,
ERWIN_COHEN_BLOOD_VACCINE_TC_83_AGE_23_48YO_VACCINATED_VS_CONTROL_7DY_UP,0.841225626740947,0.9119235364396655,0.06944814420031753,0.18173858688579342,0.810205751528664,72,,Enriched in ΔSX,Erwin Cohen Blood Vaccine Tc 83 Age 23 48yo Vaccinated Vs Control 7dy Up,
FRANCO_BLOOD_SANOFI_PASTEUR_SA_INACTIVATED_INFLUENZA_VACCINE_CORRELATED_WITH_ANTIBODY_RESPONSE_AGE_18_40YO_3DY_POSITIVE,0.8344709897610921,0.9119235364396655,0.04669480412820537,-0.24167207012232705,-0.722386442338494,17,,Enriched in ΔHC,Franco Blood Sanofi Pasteur Sa Inactivated Influenza Vaccine Correlated With Antibody Response Age 18 40yo 3dy Positive,
HOEK_MONOCYTE_2011_2012_TIV_ADULT_1DY_DN,0.8421052631578947,0.9119235364396655,0.06197627360019979,0.24105025722189916,0.7404010879274558,15,,Enriched in ΔSX,Hoek Monocyte 2011 2012 Tiv Adult 1dy Dn,
HOFT_CD4_POSITIVE_ALPHA_BETA_MEMORY_T_CELL_BCG_VACCINE_AGE_18_45YO_ID_56D_TOP_100_DEG_AFTER_IN_VITRO_RE_STIMULATION_DN,0.8226837060702875,0.9119235364396655,0.0443293451680314,-0.21463191022314088,-0.788221571084648,38,,Enriched in ΔHC,Hoft Cd4 Positive Alpha Beta Memory T Cell Bcg Vaccine Age 18 45yo Id 56d Top 100 Deg After In Vitro Re Stimulation Dn,
HOWARD_MONOCYTE_INACT_MONOV_INFLUENZA_A_INDONESIA_05_2005_H5N1_AGE_18_49YO_1DY_UP,0.8459422283356258,0.9119235364396655,0.03614919293989572,-0.17044634067161948,-0.8255963099846934,201,,Enriched in ΔHC,Howard Monocyte Inact Monov Influenza A Indonesia 05 2005 H5n1 Age 18 49yo 1dy Up,
HOWARD_NEUTROPHIL_INACT_MONOV_INFLUENZA_A_INDONESIA_05_2005_H5N1_AGE_18_49YO_1DY_UP,0.8490322580645161,0.9119235364396655,0.03294314717246909,-0.16806359792106743,-0.8700284303189523,369,,Enriched in ΔHC,Howard Neutrophil Inact Monov Influenza A Indonesia 05 2005 H5n1 Age 18 49yo 1dy Up,
RICHERT_PBMC_HIV_LIPO_5_AGE_37_48YO_STIMULATED_VS_UNSTIMULATED_14W_TOP_FUNCTIONAL_NETWORK_UP,0.8333333333333334,0.9119235364396655,0.06293946920189672,0.22950387781603115,0.7561570031401937,18,,Enriched in ΔSX,Richert Pbmc Hiv Lipo 5 Age 37 48yo Stimulated Vs Unstimulated 14w Top Functional Network Up,
SOBOLEV_PBMC_PANDEMRIX_AGE_18_64YO_HIGH_VS_LOW_RESPONDERS_MEDIUM_HIGH_ADVERSE_EVENTS_SCORE_1DY_CORRELATED_WITH_TRANSITIONAL_B_CELLS_UP,0.8394039735099338,0.9119235364396655,0.04504427671527945,-0.23212310173175352,-0.7318312449926465,21,,Enriched in ΔHC,Sobolev Pbmc Pandemrix Age 18 64yo High Vs Low Responders Medium High Adverse Events Score 1dy Correlated With Transitional B Cells Up,
HOEK_PBMC_INACTIVATED_INFLUENZA_ADULT_3DY_DN,0.8660287081339713,0.925283303953664,0.06064040094941603,0.23616475105486145,0.7253949472046058,15,,Enriched in ΔSX,Hoek Pbmc Inactivated Influenza Adult 3dy Dn,
ANDERSON_BLOOD_CN54GP140_ADJUVANTED_WITH_GLA_AF_AGE_18_45YO_3DY_UP,0.8774834437086093,0.9259315400727594,0.04301731969275082,-0.22044035771716494,-0.6949982153056354,21,,Enriched in ΔHC,Anderson Blood Cn54gp140 Adjuvanted With Gla Af Age 18 45yo 3dy Up,
SOBOLEV_PBMC_PANDEMRIX_AGE_18_64YO_MEDIUM_HIGH_ADVERSE_EVENT_SUBJECTS_1DY_UP,0.8803191489361702,0.9259315400727594,0.06494076846128988,0.1905841604423466,0.7488689871337404,38,,Enriched in ΔSX,Sobolev Pbmc Pandemrix Age 18 64yo Medium High Adverse Event Subjects 1dy Up,
WEINBERGER_BLOOD_TWINRIX_AGE_20_40_AND_60_84YO_CORRELATED_WITH_ANTI_HBS_CONC_PRIMARY_VACC_1DY_SIGNIFICANT,0.8795180722891566,0.9259315400727594,0.06024840861580194,0.20313047295537423,0.7504285531456897,27,,Enriched in ΔSX,Weinberger Blood Twinrix Age 20 40 And 60 84yo Correlated With Anti Hbs Conc Primary Vacc 1dy Significant,
VAN_DEN_BIGGELAAR_PBMC_PREVNAR_9MO_INFANT_STIMULATED_VS_UNSTIMULATED_8MO_UP,0.9026275115919629,0.9445019837792189,0.03855791019984891,-0.18919877729751206,-0.7235432677814064,45,,Enriched in ΔHC,Van Den Biggelaar Pbmc Prevnar 9mo Infant Stimulated Vs Unstimulated 8mo Up,
ERWIN_COHEN_PBMC_TC_83_AGE_18_45YO_NAIVE_NOT_PREVIOUSLY_IMMUNIZED_24HR_DEG_CANONICAL_PATHWAY_MEMBERS_UP,0.913151364764268,0.9506139848571611,0.05986031177644726,0.1868474751588315,0.6711643186979069,24,,Enriched in ΔSX,Erwin Cohen Pbmc Tc 83 Age 18 45yo Naive Not Previously Immunized 24hr Deg Canonical Pathway Members Up,
HOEK_MYELOID_DENDRITIC_CELL_2011_2012_TIV_ADULT_3DY_DN,0.9396135265700483,0.9731711525189787,0.057246113520288446,0.19298970749113067,0.6358520833812357,18,,Enriched in ΔSX,Hoek Myeloid Dendritic Cell 2011 2012 Tiv Adult 3dy Dn,
ERWIN_COHEN_BLOOD_TC_83_AGE_23_48YO_VACCINATED_VS_CONTROL_2DY_UP,1,1,0.030775259761366663,-0.12685282313155638,-0.5733281810142012,115,,Enriched in ΔHC,Erwin Cohen Blood Tc 83 Age 23 48yo Vaccinated Vs Control 2dy Up,
HOEK_PBMC_INACTIVATED_INFLUENZA_ADULT_7DY_UP,0.9922720247295209,1,0.03412045360624715,-0.14863306115563693,-0.5601215258304395,42,,Enriched in ΔHC,Hoek Pbmc Inactivated Influenza Adult 7dy Up,
HOFT_CD4_POSITIVE_ALPHA_BETA_MEMORY_T_CELL_BCG_VACCINE_AGE_18_45YO_56D_TOP_100_DEG_AFTER_IN_VITRO_RE_STIMULATION_UP,0.9949832775919732,1,0.037692329594384136,-0.16329246455741217,-0.5006368220621256,19,,Enriched in ΔHC,Hoft Cd4 Positive Alpha Beta Memory T Cell Bcg Vaccine Age 18 45yo 56d Top 100 Deg After In Vitro Re Stimulation Up,
HOWARD_NK_CELL_INACT_MONOV_INFLUENZA_A_INDONESIA_05_2005_H5N1_AGE_18_49YO_3DY_UP,1,1,0.03464101674132508,-0.12764973239771654,-0.5166997054171196,62,,Enriched in ΔHC,Howard Nk Cell Inact Monov Influenza A Indonesia 05 2005 H5n1 Age 18 49yo 3dy Up,
QIU_PBMC_HEPTATITIS_B_SURFACE_ANTIGEN_AGE_UNDER50_NON_RESPONDERS_VS_RESPONDERS_7DY_UP,1,1,0.037692329594384136,-0.13253725926425983,-0.4511712764976047,28,,Enriched in ΔHC,Qiu Pbmc Heptatitis B Surface Antigen Age Under50 Non Responders Vs Responders 7dy Up,
SOBOLEV_PBMC_PANDEMRIX_AGE_18_64YO_7DY_DN,0.9738562091503268,1,0.037614259956216096,-0.1722640984482246,-0.6057506594219558,32,,Enriched in ΔHC,Sobolev Pbmc Pandemrix Age 18 64yo 7dy Dn,
VAN_DEN_BIGGELAAR_PBMC_PREVNAR_9MO_INFANT_STIMULATED_VS_UNSTIMULATED_9MO_UP,0.9813664596273292,1,0.03486521968329424,-0.1541083338183159,-0.6577553100170371,85,,Enriched in ΔHC,Van Den Biggelaar Pbmc Prevnar 9mo Infant Stimulated Vs Unstimulated 9mo Up,
